"Year","EEZ","EZnm","Days","ALBc","BETc","YFTc"
2000,"AS","American Samoa",2914.639,626,21,86
2000,"AU","Australia",11433.416,373.963635,751.578817,1784.056103
2000,"CN","China",4.287,1.234053,0.056009,0.578973
2000,"FJ","Fiji",9290.47,5350.9389,623.804898,2256.8703
2000,"FM","FSM",24684.53,139.965926,5879.613452,3837.453478
2000,"GL","Gilbert Islands",2663.189,24.727954,825.32595,2046.622018
2000,"H4","HS pocket H4",403.167,10.266,171.889,212.871
2000,"H5","HS pocket H5",1136.359,135.485283,493.99809,632.059944
2000,"HW","Hawaii",2840.368,164.061195,862.865684,187.08932
2000,"I1","HS1",22519.206,28.199969,5927.562746,5081.691361
2000,"I2","HS2",2528.373,492.008697,1346.515473,3103.757359
2000,"I3","HS3",12826.881,5699.601876,1676.815683,3246.68784
2000,"I4","HS4",37318.309,486.842843,13755.710709,11364.908307
2000,"I5","HS5",37592.954,805.166783,14175.845573,7799.352814
2000,"I6","HS6",46385.71,28247.54968,8480.543297,5812.513113
2000,"I7","HS7",10207.629,11164.161777,552.75294,180.531137
2000,"I8","HS8",443.701,564.104568,18.68775,88.592246
2000,"I9","HS9",42,26.655,0.95,2.469
2000,"ID","Indonesia",31293.25,0.06,4592.04,20434.22
2000,"JP","Japan",6101.716,887.113007,2583.238974,1160.128981
2000,"JT","Johnston",545.046,248.942406,105.207467,86.469053
2000,"KI","Kiribati",3.75,0,1,2
2000,"LN","Line Islands",10429.53,170.50406,5480.793132,2585.605652
2000,"MA","Mathew Hunter",22.011,3.788009,4.224696,0.70893
2000,"MH","Marshall Islands",2026.117,53.797938,840.769512,1157.703491
2000,"NC","New Caledonia",2986.18,892.348849,511.852593,249.108378
2000,"NF","Forfolk Island",81.651,1.65796,4.250608,3.413459
2000,"NR","Nauru",13.75,2,1,8
2000,"NZ","New Zealand",7751.919,1334.385911,409.889406,94.486382
2000,"PF","French Polynesia",7831.795,3461.093155,1614.906698,1539.901408
2000,"PG","PNG",3966.511,158.827371,186.919277,842.688627
2000,"PH","Philippines",2423.583,0,477.4,2159.4
2000,"PW","Palau",10090.948,8.996,1248.886437,741.696568
2000,"PX","Phoenix Islands",1891.128,73.520043,692.533984,896.632986
2000,"PY","Palmyra",756.068,0.416637,170.415978,480.135369
2000,"SB","Solomon Islands",1483.903,405.422317,475.016099,801.984709
2000,"TO","Tonga",1969.471,859.135307,119.517292,174.735447
2000,"TV","Tuvalu",1230.536,242.980044,314.876966,668.021937
2000,"TW","Taiwan",4815,543.5,1046,4188.5
2000,"VN","Vietnam",11581.25,10,2479,6776
2000,"VU","Vanuatu",2983.687,3114.636998,111.354438,608.715124
2000,"WS","Samoa",34217.806,4067,177,1120
2001,"AS","American Samoa",4945.799,3217.464918,74.832428,187.14613
2001,"AU","Australia",13697.603,580.991084,1292.694284,2794.792542
2001,"CK","Cook Islands",30.83,9.253236,1.167573,1.80495
2001,"CN","China",12.24,5.764017,0.385,2.630993
2001,"FJ","Fiji",12846.573,8013.102537,677.613534,2077.590665
2001,"FM","FSM",18135.993,45.304067,3567.271067,2093.347118
2001,"GL","Gilbert Islands",4294.776,70.559968,3152.569965,1738.89305
2001,"H4","HS pocket H4",293.937,21.354,146.975,78.669
2001,"H5","HS pocket H5",499.735,98.897891,204.271561,164.384098
2001,"HW","Hawaii",3711.566,260.502365,1085.748398,186.309152
2001,"I1","HS1",33452.957,47.123906,6624.065213,6806.57998
2001,"I2","HS2",2578.901,265.006651,1122.865806,1219.127832
2001,"I3","HS3",17676.33,5235.653335,2208.940899,3285.775116
2001,"I4","HS4",44332.082,3777.490276,15547.063443,9967.557243
2001,"I5","HS5",44838.74,3926.963233,14604.885362,8345.7201
2001,"I6","HS6",50719.314,23355.136814,8774.174274,6400.617347
2001,"I7","HS7",9279.724,17789.09037,967.886745,693.144373
2001,"I8","HS8",114.632,65.038634,3.950002,6.082223
2001,"I9","HS9",82.22,117.354578,2.625,3.090643
2001,"ID","Indonesia",28934.25,0,4235.173,18836.922
2001,"JP","Japan",5250.358,684.889005,1663.507014,1142.562991
2001,"JT","Johnston",662.799,339.940988,88.467656,59.283062
2001,"KI","Kiribati",2.5,0,0,2
2001,"LN","Line Islands",8441.274,482.245199,3860.087792,2839.704889
2001,"MA","Mathew Hunter",7.31,3.931835,1.285965,0.277522
2001,"MH","Marshall Islands",3140.044,45.490002,2732.251059,1271.228975
2001,"NC","New Caledonia",2532.687,1016.068165,126.714035,569.722478
2001,"NF","Forfolk Island",67.272,0.873078,2.066903,1.766836
2001,"NR","Nauru",16.25,2,6,5
2001,"NZ","New Zealand",10779.535,2592.850231,474.51588,129.631345
2001,"PF","French Polynesia",6502.497,4260.795945,747.205421,968.303179
2001,"PG","PNG",5042.418,124,238.430707,1811.670198
2001,"PH","Philippines",3385.083,0,719.945,3040.735
2001,"PW","Palau",7897.839,12.576929,822.510953,908.823946
2001,"PX","Phoenix Islands",1094.349,176.275958,459.800067,346.039965
2001,"PY","Palmyra",564.042,0.227646,103.476013,328.014554
2001,"SB","Solomon Islands",1017.961,189.776374,235.086035,230.371947
2001,"TO","Tonga",2444.324,1077.571468,186.026364,250.965193
2001,"TV","Tuvalu",677.493,108.287053,284.473066,215.051005
2001,"TW","Taiwan",7027.5,416,1646,6371
2001,"VN","Vietnam",12191.25,11,1450,8292
2001,"VU","Vanuatu",2229.397,1700.158459,79.585782,327.83004
2001,"WS","Samoa",8015.025,4820,185,470
2002,"AS","American Samoa",6800.053,5351.341891,181.969291,459.100365
2002,"AU","Australia",14089.461,539.173877,985.758251,3508.765893
2002,"CK","Cook Islands",1418.321,1118.371415,70.23274,68.409018
2002,"CN","China",12.636,2.152985,1.089987,3.520004
2002,"FJ","Fiji",12620.84,7065.630938,721.460408,1755.748089
2002,"FM","FSM",11423.633,5.001996,2264.926802,1023.787227
2002,"GL","Gilbert Islands",4490.223,78.259045,2813.054887,1700.917042
2002,"H4","HS pocket H4",330.801,46.819988,129.136712,96.906062
2002,"H5","HS pocket H5",693.298,403.99887,236.338381,156.47331
2002,"HW","Hawaii",4189.454,93.83882,1618.541919,125.385809
2002,"I1","HS1",38852.015,5.163792,4959.960788,5741.488106
2002,"I2","HS2",3683.504,691.635202,2176.210885,3940.109767
2002,"I3","HS3",19973.042,2992.597192,2269.318964,3276.576403
2002,"I4","HS4",49488.174,2465.604962,23145.614496,11580.3095
2002,"I5","HS5",50204.147,2514.533122,22137.225588,10694.277512
2002,"I6","HS6",49621.949,22792.905735,10914.352888,4790.723923
2002,"I7","HS7",15807.043,23082.154239,814.160185,795.427288
2002,"I8","HS8",1024.758,594.168578,35.978064,144.395593
2002,"I9","HS9",744.403,830.384638,24.593495,20.600862
2002,"ID","Indonesia",28023.75,0.015,4077.323,18191.72
2002,"JP","Japan",4654.337,268.39798,1452.021031,948.185982
2002,"JT","Johnston",768.19,239.147911,208.336946,49.368742
2002,"LN","Line Islands",6547.453,525.679979,3611.39396,1387.779037
2002,"MA","Mathew Hunter",3.108,0.919768,0.402785,0
2002,"MH","Marshall Islands",4631.893,17.323991,1797.770257,466.342773
2002,"NC","New Caledonia",2531.24,1164.080233,188.597215,572
2002,"NF","Forfolk Island",145.649,1.195542,3.543192,2.592284
2002,"NR","Nauru",8.75,2,3,2
2002,"NU","Niue",25,34.32,0.877,2.493
2002,"NZ","New Zealand",11196.19,2522.129561,198.342081,25.826684
2002,"PF","French Polynesia",6458.501,4556.097258,648.783805,506.94028
2002,"PG","PNG",5432.64,142,318,1738
2002,"PH","Philippines",2566.25,0,489.61,2313.503
2002,"PW","Palau",4982.215,4.024046,355.495031,465.778959
2002,"PX","Phoenix Islands",1904.826,157.532039,905.737982,613.522052
2002,"PY","Palmyra",844.535,2.766577,494.462695,253.816214
2002,"SB","Solomon Islands",3572.414,1103.969846,722.665605,1477.613237
2002,"TO","Tonga",2247.107,856.059811,166.039512,227.27483
2002,"TV","Tuvalu",1029.164,190.565001,418.441106,465.21197
2002,"TW","Taiwan",5085.417,455,1075,4572.5
2002,"VN","Vietnam",12976.25,11,614,9756
2002,"VU","Vanuatu",4067.368,2678.557991,211.845549,915.661882
2002,"WS","Samoa",7815.805,4204.524375,137,368.451131
2003,"AS","American Samoa",5445.902,3225.030334,163.311493,400.705992
2003,"AU","Australia",15182.548,470.907439,990.850796,3573.106062
2003,"CK","Cook Islands",3610.226,1805.62965,260.725967,243.422305
2003,"CN","China",2.513,0.039957,0.845997,0
2003,"FJ","Fiji",12742.088,4664.269807,603.434951,1881.785842
2003,"FM","FSM",17224.719,72.878987,4073.485622,2930.272262
2003,"GL","Gilbert Islands",3688.517,95.565033,1203.22037,921.095203
2003,"H4","HS pocket H4",621.229,149.18352,177.053157,146.644695
2003,"H5","HS pocket H5",902.806,386.552423,213.887372,139.723058
2003,"HW","Hawaii",4767.15,98.860413,1337.921132,310.114213
2003,"I1","HS1",22454.441,3.489275,2914.862132,3823.010648
2003,"I2","HS2",2714.955,471.366528,887.964896,906.716036
2003,"I3","HS3",14513.175,2150.078692,1948.404876,3224.174094
2003,"I4","HS4",63542.619,1551.208279,19393.285414,11104.968487
2003,"I5","HS5",65013.727,1886.172297,18232.925161,10469.215871
2003,"I6","HS6",54401.149,25040.341334,12103.278176,6533.043144
2003,"I7","HS7",19910.764,21549.958753,795.550264,1360.715858
2003,"I8","HS8",1789.614,951.14331,43.437089,161.998928
2003,"I9","HS9",472.39,307.445785,29.048184,42.356086
2003,"ID","Indonesia",28660.75,0,4157.3,18572.276
2003,"JP","Japan",6797.56,432.62607,1651.885965,1356.601987
2003,"JT","Johnston",420.369,112.188798,58.532909,36.427086
2003,"JV","Jarvis",104.191,51.650306,14.381199,22.70543
2003,"LN","Line Islands",4717.232,531.76357,1487.692184,1095.535313
2003,"MA","Mathew Hunter",24.812,18.219623,0.158544,1.950757
2003,"MH","Marshall Islands",7487.891,20.482989,2255.528857,895.603812
2003,"NC","New Caledonia",3454.676,1106.373718,141.868025,752.380679
2003,"NF","Forfolk Island",291.804,2.331797,8.509972,26.429396
2003,"NR","Nauru",22.5,2,10,6
2003,"NZ","New Zealand",10170.699,2936.417441,202.771522,35.704633
2003,"PF","French Polynesia",8205.655,3807.352008,437.558601,616.37432
2003,"PG","PNG",5912.031,857,390,1747
2003,"PH","Philippines",2827.083,0,519.115,2597.83
2003,"PW","Palau",4276.428,3.380012,478.735049,749.58901
2003,"PX","Phoenix Islands",1399.711,54.136842,446.022328,318.61286
2003,"PY","Palmyra",101.129,0.525609,39.248751,33.816475
2003,"SB","Solomon Islands",5222.541,992.190089,923.189288,1453.8718
2003,"TO","Tonga",2109.183,327.789054,79.597351,242.746202
2003,"TV","Tuvalu",354.414,54.260172,108.507735,82.286563
2003,"TW","Taiwan",5740,455,1149.5,5283.5
2003,"VN","Vietnam",12898.75,11,2129,8179
2003,"VU","Vanuatu",6724.204,2956.925033,387.851095,1457.541559
2003,"WS","Samoa",5470.482,2253,110,293
2004,"AS","American Samoa",4309.739,2043.430702,134.729074,661.648924
2004,"AU","Australia",11954.941,643.930358,837.189811,2265.251568
2004,"CK","Cook Islands",4624.655,2153.320572,440.864703,602.702644
2004,"CN","China",33.496,6.777043,11.313004,2.960022
2004,"FJ","Fiji",12977.428,6503.41714,597.230409,2472.092265
2004,"FM","FSM",16598.611,57.091963,3225.596575,1825.722957
2004,"GL","Gilbert Islands",2505.527,57.110806,1224.474684,821.793274
2004,"H4","HS pocket H4",534.162,110.67698,157.310201,180.374593
2004,"H5","HS pocket H5",1495.461,428.634579,688.025109,750.15031
2004,"HW","Hawaii",5152.037,69.827705,1600.203704,268.162912
2004,"I1","HS1",17706.138,7.781355,1972.19813,3687.201339
2004,"I2","HS2",3629.926,657.362578,1553.263939,2372.205051
2004,"I3","HS3",11586.367,1366.597162,1853.652835,2426.00019
2004,"I4","HS4",61298.264,748.182175,26217.675637,11309.734863
2004,"I5","HS5",64836.218,1074.307208,26427.339719,10626.97795
2004,"I6","HS6",57275.947,25044.458956,10744.906247,4450.932447
2004,"I7","HS7",17024.462,20465.232328,1084.188725,1220.886978
2004,"I8","HS8",3145.186,1563.072359,87.929541,327.379991
2004,"I9","HS9",223.228,82.21044,32.497875,22.93192
2004,"ID","Indonesia",38321.5,2.63,5549.621978,24611.372978
2004,"JP","Japan",8244.577,265.378939,1831.595001,1775.938994
2004,"JT","Johnston",639.688,83.328475,161.32539,53.783112
2004,"LN","Line Islands",7797.256,328.897298,3543.256092,2568.862452
2004,"MA","Mathew Hunter",19.386,7.668275,0.63671,1.36693
2004,"MH","Marshall Islands",5494.367,10.385989,1617.824997,488.850879
2004,"NC","New Caledonia",3487.063,1446.804121,89.098901,624.680964
2004,"NF","Forfolk Island",396.45,8.075382,22.167253,45.55988
2004,"NR","Nauru",3.75,2,0,1
2004,"NZ","New Zealand",8116.488,1246.315562,176.465841,31.031499
2004,"PF","French Polynesia",10149.995,2210.914444,500.068655,1063.147501
2004,"PG","PNG",6325.652,1681,399.21,2318.41
2004,"PH","Philippines",2133.25,0,313.225979,1968.474975
2004,"PW","Palau",4825.606,5.553012,447.249954,1027.150987
2004,"PX","Phoenix Islands",3278.66,100.84113,1302.458089,1359.824342
2004,"PY","Palmyra",298.574,0.471639,118.431508,47.841737
2004,"SB","Solomon Islands",5455.68,2466.740948,782.839027,1920.856008
2004,"TO","Tonga",1369.837,205.880924,43.723201,174.740354
2004,"TV","Tuvalu",1066.589,242.715044,235.329407,476.875442
2004,"TW","Taiwan",3982.5,463.5,617.5,3698
2004,"VN","Vietnam",17397.5,15,2781,11122
2004,"VU","Vanuatu",6648.126,4080.349364,245.988121,947.80155
2004,"WS","Samoa",3794.819,1233,104,444
2005,"AS","American Samoa",10820.496,2880.869524,131.554938,519.936598
2005,"AU","Australia",9480,719.436907,751.434465,1430.388447
2005,"CK","Cook Islands",3541.9,2290.095177,211.385123,395.186546
2005,"CN","China",7.346,0.685012,2.843012,0.640026
2005,"FJ","Fiji",9617.901,6036.335939,324.862111,1368.785508
2005,"FM","FSM",11094.771,94.430996,2885.530297,3308.483785
2005,"GL","Gilbert Islands",1621.393,21.869544,509.699198,346.880617
2005,"H4","HS pocket H4",473.645,48.283102,154.526075,89.582439
2005,"H5","HS pocket H5",546.529,95.856074,148.486395,84.927241
2005,"HW","Hawaii",6073.366,96.007823,1897.936241,342.854103
2005,"I1","HS1",12458.303,6.858377,2481.2309,3304.67391
2005,"I2","HS2",3058.334,1047.407842,751.303464,1404.347328
2005,"I3","HS3",9687.105,2170.826483,2088.180959,2562.668586
2005,"I4","HS4",53861.56,2105.822721,17737.738175,10901.000609
2005,"I5","HS5",55648.496,2361.952687,17317.900687,10063.183616
2005,"I6","HS6",51364.164,24610.222025,15113.154463,4345.814496
2005,"I7","HS7",16812.064,18302.199051,1115.897879,783.106064
2005,"I8","HS8",2419.592,1303.179029,45.103892,238.549273
2005,"I9","HS9",243.537,131.964381,10.70942,14.818481
2005,"ID","Indonesia",24878.25,2.415,3447.211068,16029.854978
2005,"JP","Japan",6192.593,302.966068,1618.49002,1634.979009
2005,"JT","Johnston",166.229,30.730907,38.277267,16.25679
2005,"LN","Line Islands",2993.422,126.694229,1262.287166,606.260619
2005,"MA","Mathew Hunter",12.064,10.251269,0.303845,1.997396
2005,"MH","Marshall Islands",5560.773,32.841031,1329.503362,733.520318
2005,"NC","New Caledonia",2857.589,1586.199614,75.6625,447.422425
2005,"NF","Forfolk Island",494,6.355325,16.229872,36.079086
2005,"NU","Niue",222.456,55,10,34
2005,"NZ","New Zealand",4279.677,601.759025,174.805255,33.088608
2005,"PF","French Polynesia",8740.74,2241.460099,563.687098,750.144139
2005,"PG","PNG",5392.581,2256,237,1222
2005,"PH","Philippines",2261.083,1.399992,341.091037,2093.810008
2005,"PW","Palau",7883.875,22.441974,1427.583022,1303.842782
2005,"PX","Phoenix Islands",2646.818,91.775087,942.024662,567.161523
2005,"PY","Palmyra",43.239,0.019912,15.703117,3.816678
2005,"SB","Solomon Islands",5066.704,2749.478345,545.134995,1563.849318
2005,"TO","Tonga",1901.179,257.720066,122.610664,215.452656
2005,"TV","Tuvalu",1506.277,301.284466,356.177749,478.29753
2005,"TW","Taiwan",4134.167,241,700,4020
2005,"VN","Vietnam",18047.5,16,3527,10895
2005,"VU","Vanuatu",9901.892,6707.196177,282.885215,1552.550305
2005,"WF","Wallis Futuna",55.985,41.39952,2.590971,20.9162
2005,"WS","Samoa",2746.94,1263,64,199
2006,"AS","American Samoa",5965,4078,181,513
2006,"AU","Australia",7959.646,2568.133985,481.728417,1796.028063
2006,"CK","Cook Islands",3199,1993.118687,150.652036,211.208698
2006,"CN","China",17.362,0.058067,9.343968,0
2006,"FJ","Fiji",9987.175,5802.148748,459.798723,1220.442413
2006,"FM","FSM",13269.309,142.632006,3580.281052,2887.445806
2006,"GL","Gilbert Islands",2540.325,28.200989,953.744872,659.971225
2006,"H4","HS pocket H4",365.148,17.362002,130.279122,88.5821
2006,"H5","HS pocket H5",822.513,172.40243,457.721332,169.795267
2006,"HW","Hawaii",6005.282,60.367165,1863.767999,340.260765
2006,"I1","HS1",17380.803,20.504074,2934.790731,4626.70253
2006,"I2","HS2",1874.825,1263.910461,521.940288,919.01697
2006,"I3","HS3",10973.073,2144.57931,1925.301964,2727.105585
2006,"I4","HS4",42951.354,453.016081,15240.788052,6964.14563
2006,"I5","HS5",48861.924,847.495027,18621.600816,7982.017897
2006,"I6","HS6",54549.39,24128.675149,13933.482797,3824.265059
2006,"I7","HS7",10955.14,14540.210832,461.784758,674.674089
2006,"I8","HS8",2118.675,1386.316767,50.655454,209.454631
2006,"I9","HS9",350.794,425.918639,6.368527,18.099896
2006,"ID","Indonesia",27583.75,0.800993,4800.208057,16827.933044
2006,"JP","Japan",7473.944,364.808061,2588.428041,1671.204984
2006,"JT","Johnston",580.757,76.780214,171.151607,71.165375
2006,"LN","Line Islands",4131.218,226.418005,2028.38381,1208.663626
2006,"MA","Mathew Hunter",13.381,3.990171,0.065401,3.039161
2006,"MH","Marshall Islands",6680.789,50.313984,1576.159329,1262.411329
2006,"NC","New Caledonia",2209.052,1356.039537,34.934599,411.108872
2006,"NF","Forfolk Island",80.079,1.073037,1.683197,3.159898
2006,"NU","Niue",376.333,259.224583,26.308536,49.569328
2006,"NZ","New Zealand",4047.103,495.746053,176.865381,2.966793
2006,"PF","French Polynesia",8295.67,2847.913025,476.188232,665.947904
2006,"PG","PNG",4665.025,1894.941009,236.954964,2215.243005
2006,"PH","Philippines",1954.083,0.335035,231.16005,1838.659969
2006,"PW","Palau",11147.622,38.635029,2979.146026,1571.334032
2006,"PX","Phoenix Islands",1693.493,47.563009,602.547566,411.726555
2006,"PY","Palmyra",309.582,0.019786,89.267168,137.217672
2006,"SB","Solomon Islands",10077.384,6539.820521,1189.966768,4143.309532
2006,"TO","Tonga",1898.201,410.928923,115.138186,226.114398
2006,"TV","Tuvalu",139.083,7.974259,35.409185,29.996604
2006,"TW","Taiwan",3368.75,234.5,424,3384
2006,"VN","Vietnam",18105,16,3538,10930
2006,"VU","Vanuatu",11119.746,8348.935448,374.526653,1882.728346
2006,"WK","Wake Island",3.788,1.773971,0.640015,0.12899
2006,"WS","Samoa",4393.391,2113,128,264
2007,"AS","American Samoa",5349.722,4677.016,145.621316,492.24672
2007,"AU","Australia",7456.665,1914.562419,998.790287,1380.426222
2007,"CK","Cook Islands",2949.344,2992.164932,226.652533,256.377835
2007,"CN","China",22.481,5.445934,0.930027,0.854012
2007,"FJ","Fiji",10292.673,4219.908649,328.864355,1009.57232
2007,"FM","FSM",13391.864,44.991964,3514.408444,2037.405434
2007,"GL","Gilbert Islands",3261.473,31.44,1266.469,1118.255
2007,"H4","HS pocket H4",693.879,127.954672,256.685408,309.528413
2007,"H5","HS pocket H5",1624.495,344.654042,1300.267906,582.468502
2007,"HW","Hawaii",5348.917,59.856044,1713.486359,233.686905
2007,"I1","HS1",16353.88,0.895455,2064.511417,3290.798997
2007,"I2","HS2",2285.431,2381.591353,625.464282,1775.654647
2007,"I3","HS3",10998.306,1761.111622,1412.073666,2223.368969
2007,"I4","HS4",31790.775,627.651323,13066.644031,4341.201244
2007,"I5","HS5",37462.59,820.646267,16059.031745,4947.131742
2007,"I6","HS6",54901.914,26610.783792,13741.052069,3717.479744
2007,"I7","HS7",10158.525,10476.520283,328.690228,361.521525
2007,"I8","HS8",1986.435,827.879973,28.780882,133.662411
2007,"I9","HS9",920.057,1136.597102,25.742845,39.573216
2007,"ID","Indonesia",30893.25,0.923976,4249.853009,19310.290955
2007,"JP","Japan",6369.611,319.532929,2086.965026,1583.567012
2007,"JT","Johnston",504.12,44.612591,171.183601,44.285054
2007,"LN","Line Islands",3426.115,480.197501,1881.890567,583.462985
2007,"MA","Mathew Hunter",13.05,6.338407,0.191584,2.022312
2007,"MH","Marshall Islands",10171.553,8.459013,2688.460144,996.249952
2007,"NC","New Caledonia",2640.783,1318.852235,52.7642,392.245424
2007,"NF","Forfolk Island",33.968,0.436744,0.857858,0.934414
2007,"NU","Niue",391.414,216,35,43
2007,"NZ","New Zealand",3019.698,276.495065,206.593401,13.562351
2007,"PF","French Polynesia",7998.224,3924.044996,471.808213,523.35589
2007,"PG","PNG",4390.768,1966.554984,136.459031,1891.397005
2007,"PH","Philippines",2005.417,0,296.68,1837.32
2007,"PW","Palau",9823.115,26.043966,1650.762072,1674.629952
2007,"PX","Phoenix Islands",3971.893,167.239811,1886.873173,1635.598981
2007,"PY","Palmyra",564.079,1.684303,362.913366,61.964471
2007,"SB","Solomon Islands",11954.786,4904.158032,1291.179545,5761.049102
2007,"TO","Tonga",1759.396,354.650088,127.744938,338.151784
2007,"TV","Tuvalu",1901.717,462.072367,592.991996,837.028404
2007,"TW","Taiwan",3502.083,225.5,594,3383
2007,"VN","Vietnam",18667.5,16,3648,11270
2007,"VU","Vanuatu",9331.593,5071.868804,278.803453,1331.906138
2007,"WS","Samoa",6549.345,3113,101,305
2008,"AS","American Samoa",4336,2878.16463,77.991261,282.699604
2008,"AU","Australia",7174.643,1272.411088,1022.378582,1647.014606
2008,"CK","Cook Islands",2626,2465.476721,277.60522,162.711006
2008,"CN","China",1.759,0.182067,0,0.189012
2008,"FJ","Fiji",7757.082,4898.285184,380.321596,1290.659521
2008,"FM","FSM",11566.705,111.20067,3010.511268,1570.316341
2008,"GL","Gilbert Islands",1940.855,21.27,850.731,622.74
2008,"H4","HS pocket H4",324.74,23.427025,149.469011,65.533913
2008,"H5","HS pocket H5",1228.827,206.444774,674.241598,204.758901
2008,"HW","Hawaii",5210.773,53.854569,1520.98976,360.170494
2008,"I1","HS1",16602.665,1.362638,3360.826078,3495.97968
2008,"I2","HS2",1649.418,1992.001788,439.955609,741.423558
2008,"I3","HS3",10695.329,2627.431812,1691.65675,2497.639281
2008,"I4","HS4",41358.029,711.510804,15762.976269,4951.113359
2008,"I5","HS5",43748.271,763.854612,16370.091907,4878.872679
2008,"I6","HS6",55988.634,21362.218153,10762.554639,4941.5319
2008,"I7","HS7",9402.578,18774.900519,777.955939,259.01413
2008,"I8","HS8",1884.01,1190.123159,37.70917,276.294731
2008,"I9","HS9",196.871,133.946952,9.430704,8.807945
2008,"ID","Indonesia",33462.5,3.184984,5627.841963,20853.041981
2008,"JP","Japan",4911.884,225.550979,2524.252019,910.815992
2008,"JT","Johnston",442.083,81.249545,151.896359,37.035937
2008,"LN","Line Islands",5693.274,140.333196,2910.021258,845.536792
2008,"MA","Mathew Hunter",4.174,2.078506,0.086787,1.87033
2008,"MH","Marshall Islands",7516.282,42.598975,2194.513884,585.709886
2008,"NC","New Caledonia",2827.429,1495.871834,62.521862,423.338009
2008,"NU","Niue",2746.716,337,51,40
2008,"NZ","New Zealand",3133.242,381.506273,133,11
2008,"PF","French Polynesia",7995.247,3060.116989,485.596091,442.544353
2008,"PG","PNG",3190.84,534.301076,141.798589,2624.817551
2008,"PH","Philippines",2130.75,0,207.145,2064.055
2008,"PW","Palau",8863.634,68.196026,2751.952423,874.550553
2008,"PX","Phoenix Islands",3034.444,200.29216,1693.197414,746.683209
2008,"PY","Palmyra",202.38,0.04923,78.936859,36.161406
2008,"SB","Solomon Islands",12802.131,6678.482542,1546.527276,7551.073589
2008,"TK","Tokelau",125,97.230173,17.72312,16.490658
2008,"TO","Tonga",1273.913,220,81,291
2008,"TV","Tuvalu",773.277,163.459209,203.047478,337.529568
2008,"TW","Taiwan",3826.25,289.5,359,3943
2008,"VN","Vietnam",17185,15,3358,10375
2008,"VU","Vanuatu",8717.208,5399.488106,290.63153,1947.272429
2008,"WS","Samoa",4494.134,2342,106,317
2009,"AS","American Samoa",4475,3190.164759,167.413223,320.585649
2009,"AU","Australia",7676.22,1517.185156,722.880022,1385.288927
2009,"CK","Cook Islands",4928.011,4632.832944,481.877519,481.711148
2009,"CN","China",6.299,0.128008,0,0.350994
2009,"FJ","Fiji",9018.184,6038.620953,366.446442,1555.490363
2009,"FM","FSM",11710.704,57.415962,2741.172836,1414.747668
2009,"GL","Gilbert Islands",3402,128.007852,1919.964731,958.65563
2009,"H4","HS pocket H4",379.127,75.860094,158.96122,153.031188
2009,"H5","HS pocket H5",1193.822,85.528887,796.137751,284.992045
2009,"HW","Hawaii",4612.659,49.993429,1190.747955,149.840914
2009,"I1","HS1",16257.33,1.155254,2421.369425,4924.451166
2009,"I2","HS2",3075.728,2848.886047,1391.839046,2820.688624
2009,"I3","HS3",11122.294,2800.446736,1393.568569,3090.880706
2009,"I4","HS4",33749.933,513.368522,14327.490945,6609.526882
2009,"I5","HS5",36730.604,888.579614,14640.768659,6372.500552
2009,"I6","HS6",50978.802,24645.218931,8355.296921,4298.090902
2009,"I7","HS7",11471.18,24890.337712,660.006615,122.375116
2009,"I8","HS8",1178.115,767.855388,18.437825,191.612235
2009,"I9","HS9",505.339,630.156657,30.493281,43.835564
2009,"ID","Indonesia",40066.75,10.36,5863.873,26066.973
2009,"IW","Misc International Waters",1.008,0.401606,0.030321,0.404888
2009,"JP","Japan",5058.844,427.189947,2331.877028,1164.575006
2009,"JT","Johnston",370.889,32.306804,90.460186,15.950808
2009,"LN","Line Islands",9381.81,673.346861,5009.486405,1955.031021
2009,"MA","Mathew Hunter",14.697,19.710683,0.620345,1.165582
2009,"MH","Marshall Islands",5886.914,91.598558,2334.552858,898.964397
2009,"NC","New Caledonia",2743.332,1640.064003,50.869492,486.822269
2009,"NF","Forfolk Island",17.831,0.266327,0.580989,0.324419
2009,"NU","Niue",2392.335,240.904345,14.736249,26.676218
2009,"NZ","New Zealand",3210.428,421.857486,252.946888,3
2009,"PF","French Polynesia",7607.031,3557.757734,586.476155,713.940605
2009,"PG","PNG",4172.638,968.734049,139.317493,2960.444488
2009,"PH","Philippines",2109.583,0,221.4,2038.6
2009,"PW","Palau",2826.947,6.95799,864.999966,357.971015
2009,"PX","Phoenix Islands",4948.898,320.256083,3440.171313,1527.242207
2009,"PY","Palmyra",137.717,0,46.558466,33.073232
2009,"SB","Solomon Islands",15468.378,10161.029628,1612.821852,9688.228888
2009,"TO","Tonga",668.463,124,38,109
2009,"TV","Tuvalu",1016.676,354.637112,340.125425,482.184773
2009,"TW","Taiwan",3790.417,256,406,3886.5
2009,"VN","Vietnam",15311.25,13,2992,9244
2009,"VU","Vanuatu",7759.771,5484.666393,180.764913,1798.395797
2009,"WS","Samoa",4860.707,2816,117,412
2010,"AS","American Samoa",3893,2837.776484,212.563588,298.256994
2010,"AU","Australia",5843.661,744.661785,456.843967,1353.370492
2010,"CK","Cook Islands",5012.803,4910.571832,678.968872,633.659673
2010,"CN","China",0.877,0,0,0.270015
2010,"FJ","Fiji",11127.486,6418.81036,354.986126,1896.170555
2010,"FM","FSM",8368.56,57.417201,1834.45815,1324.111714
2010,"GL","Gilbert Islands",3281.939,113.361895,1334.416634,997.382413
2010,"H4","HS pocket H4",369.649,42.6729,138.386723,115.461449
2010,"H5","HS pocket H5",1479.139,328.660233,798.531175,739.136975
2010,"HW","Hawaii",3032.263,63.774096,802.31366,134.953369
2010,"I1","HS1",29755.29,3.25875,2353.22753,5210.90574
2010,"I2","HS2",2560.893,10997.310214,678.75356,1855.568823
2010,"I3","HS3",17236.454,3697.348674,1409.669151,3600.866359
2010,"I4","HS4",36187.914,433.863325,15633.544735,5120.164324
2010,"I5","HS5",39592.895,2243.742761,15792.062833,4689.044318
2010,"I6","HS6",51943.549,22291.163141,10277.172098,7739.755481
2010,"I7","HS7",11343.265,25291.912858,552.854605,325.625981
2010,"I8","HS8",1691.445,1015.678186,21.120552,240.339229
2010,"I9","HS9",538.459,429.286591,22.092764,28.522763
2010,"ID","Indonesia",33605.25,0,3406.542971,23316.225991
2010,"JP","Japan",3915.636,609.948,1248.854032,957.589009
2010,"JT","Johnston",133.51,12.255417,36.203675,6.66952
2010,"KI","Kiribati",91.25,66,3,4
2010,"LN","Line Islands",7749.224,780.500277,4683.580074,1357.548201
2010,"MA","Mathew Hunter",21.395,14.716286,0.109239,3.785092
2010,"MH","Marshall Islands",8010.916,238.998982,2463.035253,1198.978957
2010,"NC","New Caledonia",2635.082,1932.090955,43.887094,505
2010,"NF","Forfolk Island",17.653,0.097364,0.139521,0.177445
2010,"NR","Nauru",99.79,0.038019,40.150041,46.744989
2010,"NU","Niue",1285.217,196.143708,10.393487,11.887038
2010,"NZ","New Zealand",3436.531,459.605223,130.772075,5.772072
2010,"PF","French Polynesia",7747.644,3481.787846,435.810301,418
2010,"PG","PNG",3617.529,887.285,40.587,2169.402
2010,"PH","Philippines",2435.083,0,159.94,2489.66
2010,"PW","Palau",8718.745,5.347031,930.891036,1663.941039
2010,"PX","Phoenix Islands",2502.494,330.079382,930.19365,937.182064
2010,"PY","Palmyra",222.926,0.020687,130.218396,21.915751
2010,"SB","Solomon Islands",18807.744,6036.833692,1418.709346,9617.191179
2010,"TO","Tonga",436.071,57,24,47
2010,"TV","Tuvalu",3204.314,674.558159,752.350845,1437.521037
2010,"TW","Taiwan",4612.083,268.5,252,5014
2010,"VN","Vietnam",14947.5,4,2441,9513
2010,"VU","Vanuatu",8408.527,4806.527778,159.92055,1437.261711
2010,"WS","Samoa",5720.416,2529,108,386
2011,"AS","American Samoa",3929.833,1783.662825,631.841591,444.121959
2011,"AU","Australia",4953.557,652.1113,377.911239,1852.10923
2011,"CK","Cook Islands",8125.837,5558.93813,2224.45371,1807.820425
2011,"CN","China",3.03,0.099003,0.095995,0.854018
2011,"FJ","Fiji",10627.873,4757.196277,470.777978,1659.92565
2011,"FM","FSM",7928.671,73.412409,2898.230741,1548.782404
2011,"GL","Gilbert Islands",3440.456,36.539655,1228.273534,1203.884247
2011,"H4","HS pocket H4",494.103,91.513253,161.741036,124.790964
2011,"H5","HS pocket H5",2353.053,394.566418,1004.111311,871.264295
2011,"HW","Hawaii",3789.604,143.393502,1056.861719,272.425416
2011,"I1","HS1",20227.858,9.00548,2572.932202,5530.291154
2011,"I2","HS2",4629.919,5352.744659,1153.391426,1417.204064
2011,"I3","HS3",12229.018,2404.949423,1271.499519,2918.043367
2011,"I4","HS4",32576.98,408.978259,12360.201479,4844.372414
2011,"I5","HS5",35413.99,650.40057,13081.306254,4973.962616
2011,"I6","HS6",47990.343,23257.522727,10411.676553,6035.361687
2011,"I7","HS7",11595.43,14293.084086,517.730781,767.258637
2011,"I8","HS8",2720.004,1280.604444,50.592827,200.368648
2011,"I9","HS9",890.151,847.058554,62.237165,31.003841
2011,"ID","Indonesia",39372,0,4730.013966,26661.506971
2011,"JP","Japan",4482.449,562.057967,2216.434962,826.803996
2011,"JT","Johnston",414.314,46.757649,136.737251,33.097721
2011,"LN","Line Islands",10592.752,416.152285,5722.103503,1505.669864
2011,"MA","Mathew Hunter",11.66,6.085624,0.350695,1.061929
2011,"MH","Marshall Islands",7872.177,111.723675,2800.96654,1065.8242
2011,"NC","New Caledonia",2523.653,1734.120797,41,585
2011,"NR","Nauru",203.267,15.409019,93.080986,53.351986
2011,"NZ","New Zealand",4169.75,417.960833,174,3
2011,"PF","French Polynesia",8442.296,3224.29208,606.879353,490.940569
2011,"PG","PNG",5372.186,355.465,65.178,2509.765
2011,"PH","Philippines",2465.083,36,899.03,1542.75
2011,"PW","Palau",9468.15,4.878993,1758.122015,1146.67502
2011,"PX","Phoenix Islands",2956.079,96.873139,1115.208694,869.007883
2011,"PY","Palmyra",15.47,0,2.22292,5.098569
2011,"SB","Solomon Islands",20219.291,6432.05666,1887.093322,6657.629546
2011,"TK","Tokelau",542.712,108.127732,216.677989,165.793892
2011,"TO","Tonga",621.973,35.599,18.64,187.7
2011,"TV","Tuvalu",2423.631,467.303526,392.285828,880.560023
2011,"TW","Taiwan",3355,230,304.5,3491.5
2011,"VN","Vietnam",17518.75,15,3424,10576
2011,"VU","Vanuatu",13125.139,6086.051321,354.278425,2083.217284
2011,"WF","Wallis Futuna",16.25,3,6,4
2011,"WS","Samoa",3291.414,1415,71,395
2012,"AS","American Samoa",4368.771,2415.904952,703.69101,435.249064
2012,"AU","Australia",5346.62,701.706829,547.867225,1251.633352
2012,"CK","Cook Islands",14474.697,10626.532101,4257.569904,2339.440296
2012,"CN","China",1.103,0.08993,0,0.222001
2012,"FJ","Fiji",11797.153,4776.445041,270.668172,1284.9905
2012,"FM","FSM",8711.401,168.658361,3245.121532,1307.00541
2012,"GL","Gilbert Islands",4800.211,264.23928,2446.134758,1453.7507
2012,"H4","HS pocket H4",1015.778,210.929756,366.174881,186.263078
2012,"H5","HS pocket H5",2110.661,236.613324,806.541215,336.591011
2012,"HW","Hawaii",3711.083,97.08781,1028.198859,207.119641
2012,"I1","HS1",10485.221,3.383841,2028.900379,2601.63251
2012,"I2","HS2",4575.118,4741.672701,891.846196,1498.663163
2012,"I3","HS3",9233.336,3366.032461,1367.659991,1947.218328
2012,"I4","HS4",34878.692,1032.960852,13506.794375,4775.392336
2012,"I5","HS5",35857.231,1021.460523,12686.115833,4072.451913
2012,"I6","HS6",49383.365,22243.401232,9062.595636,5371.748841
2012,"I7","HS7",7676.594,21259.1871,573.996559,228.650513
2012,"I8","HS8",1427.763,610.270375,19.910164,119.749127
2012,"I9","HS9",1952.373,1683.906365,171.415573,127.443054
2012,"ID","Indonesia",30532.5,0,5405.551979,18922.552017
2012,"JP","Japan",4804.46,612.071994,2524.183978,604.232
2012,"JT","Johnston",453.64,102.929539,109.566419,29.337264
2012,"JV","Jarvis",2.544,0,0.164319,0.041726
2012,"LN","Line Islands",12290.26,553.849155,7066.55509,1936.788717
2012,"MA","Mathew Hunter",17.148,9.392623,0.561613,1.730759
2012,"MH","Marshall Islands",9446.045,211.830647,3185.385545,1264.460514
2012,"NC","New Caledonia",2568.29,1711.269172,48.827399,572.069144
2012,"NR","Nauru",190.896,15.643001,68.927004,130.114975
2012,"NZ","New Zealand",3533.373,266,154,1
2012,"PF","French Polynesia",8183.711,3590.647517,653.330853,756.912914
2012,"PG","PNG",7100.161,922.783132,112.711039,3269.457083
2012,"PH","Philippines",1682.583,24,369.858,1457.894
2012,"PW","Palau",8862.154,11.609977,2151.425985,1021.889994
2012,"PX","Phoenix Islands",3319.171,400.478994,1676.527434,856.673211
2012,"PY","Palmyra",84.36,0.126173,24.34061,29.367792
2012,"SB","Solomon Islands",17959.65,8182.319023,1476.029931,8653.233637
2012,"TK","Tokelau",701.274,249.792973,353.236682,166.431704
2012,"TO","Tonga",2019.838,760.094356,126.231847,455.253199
2012,"TV","Tuvalu",3098.437,930.478582,713.982498,654.653682
2012,"TW","Taiwan",3406.25,291.5,304.5,3491.5
2012,"VN","Vietnam",20290,15,3761,12456
2012,"VU","Vanuatu",9131.813,4285.986443,189.422802,1380.164705
2012,"WS","Samoa",4594.769,2038,54,234
2013,"AS","American Samoa",3046.051,1768.722074,210.189751,349.768762
2013,"AU","Australia",5298.833,757.03234,483.614995,1332.514903
2013,"CK","Cook Islands",8632.26,5985.017912,610.010019,918.930774
2013,"CN","China",2.404,0.187968,0,0.929986
2013,"FJ","Fiji",9885.756,4162.443885,249.801,893.095999
2013,"FM","FSM",5195.292,104.501858,1841.318124,946.909914
2013,"GL","Gilbert Islands",2585.474,141.510046,905.382503,695.334631
2013,"H4","HS pocket H4",907.164,366.910145,163.282075,186.244682
2013,"H5","HS pocket H5",1432.987,243.296863,561.489588,220.49475
2013,"HW","Hawaii",4576.033,87.992461,1501.698047,292.349629
2013,"I1","HS1",19413.837,6.139727,2226.466247,4931.944081
2013,"I2","HS2",4164.553,6367.269371,628.036836,1340.535579
2013,"I3","HS3",13264.488,3364.601373,1096.693556,2879.863847
2013,"I4","HS4",32016.695,1020.277887,11020.344983,2915.711756
2013,"I5","HS5",34195.301,792.841876,11622.839686,2711.194594
2013,"I6","HS6",47929.406,20691.1365,7945.304177,4205.511621
2013,"I7","HS7",9996.414,20071.617823,724.751406,247.79478
2013,"I8","HS8",1863.048,964.260192,21.403424,161.224562
2013,"I9","HS9",1485.387,892.059088,61.907015,79.79183
2013,"ID","Indonesia",29827,0,4533.016,19253.267
2013,"IW","Misc International Waters",1,0.5,0.02,0.05
2013,"JP","Japan",5142.922,1098.60005,1850.401978,816.969994
2013,"JT","Johnston",379.129,60.343045,90.466513,19.5563
2013,"LN","Line Islands",11321.292,346.604863,6543.290301,1318.111941
2013,"MH","Marshall Islands",8656.56,201.03967,2367.202011,1676.719304
2013,"NC","New Caledonia",2444.944,1713.318042,50.363383,527.415792
2013,"NR","Nauru",256.643,15.944986,46.031012,100.090981
2013,"NU","Niue",437.806,361.849447,13.672006,42.158157
2013,"NZ","New Zealand",3111.379,301.970926,109,1
2013,"PF","French Polynesia",8788.595,3494.838998,785.131859,613.579319
2013,"PG","PNG",2332.823,263.872,32.987,1055.147
2013,"PH","Philippines",943.667,30,312,676.55
2013,"PW","Palau",9722.252,81.985023,2044.685016,771.640989
2013,"PX","Phoenix Islands",2251.351,339.761089,898.757091,531.76144
2013,"PY","Palmyra",78.756,0,16.869051,5.299334
2013,"SB","Solomon Islands",21643.564,9082.30138,1256.776656,6665.505287
2013,"TK","Tokelau",2.563,0,1.242867,0.144064
2013,"TO","Tonga",3509.361,1470.557919,206.924433,647.547437
2013,"TV","Tuvalu",4188.43,1491.119763,428.543089,542.161397
2013,"TW","Taiwan",2196.25,650.5,362.5,1622.5
2013,"VN","Vietnam",20535,251,2260,13917
2013,"VU","Vanuatu",11918.554,6823.306008,204.574498,1296.925168
2013,"WK","Wake Island",7.266,3.560067,0,0.443986
2013,"WS","Samoa",2804.152,1642,36,330
2014,"AS","American Samoa",3005.235,1377.416255,272.01941,424.766963
2014,"AU","Australia",5364.277,728.063226,484.231524,1674.754358
2014,"CK","Cook Islands",5397.09,4483.308042,600.958637,1830.130985
2014,"FJ","Fiji",9891.08,4484.440807,349.579371,2571.812578
2014,"FM","FSM",8669.593,254.290823,4604.360805,2069.816676
2014,"GL","Gilbert Islands",5646.177,182.101821,3284.783343,1792.801272
2014,"H4","HS pocket H4",1665.957,180.355247,774.407514,528.719579
2014,"H5","HS pocket H5",3747.519,533.992724,2027.211824,878.551671
2014,"HW","Hawaii",5052.722,31.114135,1567.250279,174.263742
2014,"I1","HS1",13194.238,4.338259,1079.184218,4806.205747
2014,"I2","HS2",6136.849,4373.940809,2164.402445,3004.861297
2014,"I3","HS3",10006.151,2956.256651,1080.340137,3011.435335
2014,"I4","HS4",16028.265,267.316119,6381.712913,2006.015501
2014,"I5","HS5",18620.84,433.709137,6780.550349,1960.465346
2014,"I6","HS6",46148.943,21408.242559,8921.256653,3022.423343
2014,"I7","HS7",8367.101,13260.882169,387.687187,596.93118
2014,"I8","HS8",2278.221,993.974766,31.845648,438.720841
2014,"I9","HS9",324.045,207.245115,11.485093,55.97787
2014,"ID","Indonesia",44599.25,3.92,7203.961,28446.527
2014,"JP","Japan",3779.415,581.475966,2226.100979,601.079007
2014,"JT","Johnston",280.461,15.463099,109.212329,11.67982
2014,"JV","Jarvis",5.423,0,0.389048,0.59528
2014,"LN","Line Islands",11328.065,453.874172,7277.679883,2392.37804
2014,"MH","Marshall Islands",9387.017,180.425083,3977.319444,2416.926955
2014,"NC","New Caledonia",2283,1627.936127,57.831428,740.285713
2014,"NR","Nauru",330.859,1.065973,154.017028,123.002994
2014,"NU","Niue",275.339,207.939144,13.4242,58.994596
2014,"NZ","New Zealand",3511.693,310.991643,122,2
2014,"PF","French Polynesia",10125.105,3744,741,783
2014,"PG","PNG",3147.798,329.445,54.503979,1605.424985
2014,"PH","Philippines",677.667,30.016977,238.479998,417.58
2014,"PW","Palau",6788.149,2.124987,1564.223633,663.449959
2014,"PX","Phoenix Islands",8633.116,622.480707,5186.60693,3455.541049
2014,"PY","Palmyra",67.702,0.073087,28.998984,6.569517
2014,"SB","Solomon Islands",33161.568,13130.780269,2716.867831,12816.191229
2014,"TK","Tokelau",315.549,6.758954,86.598498,58.550442
2014,"TO","Tonga",1513.673,264.375638,45.483144,423.300265
2014,"TV","Tuvalu",1785.716,475.347457,543.916864,804.143032
2014,"TW","Taiwan",1302.083,464,438.5,660
2014,"VN","Vietnam",17441.25,0,2350,11603
2014,"VU","Vanuatu",10673.204,6618.016622,211.424501,1525.010929
2014,"WS","Samoa",1438.709,799.955188,47.245098,229.120489
2015,"AS","American Samoa",2581,1760.406612,534.658045,347.076875
2015,"AU","Australia",6160.672,944.875551,782.983374,2174.130322
2015,"CK","Cook Islands",5944.084,4555.907154,778.775197,1855.07864
2015,"CN","China",6.401,1.943071,1.18299,1.993978
2015,"FJ","Fiji",13880.495,6510.361891,375.9387,2675.511479
2015,"FM","FSM",7504.582,159.846065,3401.865641,2020.531559
2015,"GL","Gilbert Islands",9160.354,526.368132,5465.583371,4580.530004
2015,"H4","HS pocket H4",1265.678,329.569205,506.081441,464.005414
2015,"H5","HS pocket H5",4839.887,617.304338,2477.644812,1286.52481
2015,"HW","Hawaii",7581.717,55.333179,2949.945383,307.597138
2015,"I1","HS1",16463.085,3.653342,1757.896478,4911.57268
2015,"I2","HS2",6231.296,5084.366601,2210.166461,3670.144117
2015,"I3","HS3",11737.821,3520.373673,1342.938232,3110.40372
2015,"I4","HS4",12725.114,100.963979,5504.471604,2712.164648
2015,"I5","HS5",18908.439,418.29979,7897.347101,3155.445322
2015,"I6","HS6",43247.121,23072.309348,9834.798801,5041.741225
2015,"I7","HS7",9613.243,15292.67912,314.827838,250.577972
2015,"I8","HS8",2010.237,1188.29321,70.611529,300.971971
2015,"I9","HS9",129.979,114.97804,7.867496,16.16461
2015,"ID","Indonesia",28970.75,0,3763.305018,19411.096003
2015,"JP","Japan",4012.673,903.260948,1695.762022,1066.415015
2015,"JT","Johnston",14.336,1.406858,3.231318,0.340228
2015,"LN","Line Islands",12401.242,1922.380121,7669.09583,3149.161346
2015,"MA","Mathew Hunter",9.795,1.98599,0.14822,2.865756
2015,"MH","Marshall Islands",7078.97,151.23264,2695.496611,1612.507814
2015,"NC","New Caledonia",2349.361,1578.189358,62.855069,850.000194
2015,"NR","Nauru",69.884,3.38698,36.370975,27.390019
2015,"NU","Niue",265.215,195.532322,14.571788,53.819969
2015,"NZ","New Zealand",3835.707,223,122,2
2015,"PF","French Polynesia",10267.336,3418,813,1093
2015,"PG","PNG",1759.25,468.817947,99.836529,1553.242846
2015,"PH","Philippines",770,0,275.033995,648.019008
2015,"PW","Palau",4444.518,16.97192,728.128889,644.224673
2015,"PX","Phoenix Islands",1343.013,135.975121,830.812182,578.474254
2015,"PY","Palmyra",104.318,0.251187,38.54227,1.061236
2015,"SB","Solomon Islands",25278.415,6893.898332,3670.189713,14572.551879
2015,"TK","Tokelau",4090.662,1867.360934,381.379913,726.610131
2015,"TO","Tonga",1894.499,709.859833,128.358285,787.321919
2015,"TV","Tuvalu",1386.392,406.038315,469.513839,605.450851
2015,"TW","Taiwan",2741.667,983,687,1620
2015,"VN","Vietnam",22746.25,0,3100,15097
2015,"VU","Vanuatu",8394.089,5433.141959,296.927066,1740.658839
2015,"WS","Samoa",1584.309,840,48,252
2016,"AS","American Samoa",2401.738,1511.13053,647.259946,557.152062
2016,"AU","Australia",5442.568,908.757664,819.529557,1721.935522
2016,"CK","Cook Islands",6593.027,4757.28467,587.553881,1242.971924
2016,"CN","China",3.693,1.101066,0.315003,1.774979
2016,"FJ","Fiji",12794.631,5419.449001,509.163025,2827.600624
2016,"FM","FSM",3676.435,35.371528,1211.833967,1064.870598
2016,"GL","Gilbert Islands",5390.826,309.084704,2557.625089,2595.804414
2016,"H4","HS pocket H4",1624.179,308.553501,657.831329,582.129524
2016,"H5","HS pocket H5",5930.995,1110.206218,2215.489063,1462.980096
2016,"HW","Hawaii",7276.64,29.82316,2811.345147,381.620449
2016,"I1","HS1",12554.944,31.944313,1527.243067,4591.003675
2016,"I2","HS2",4338.783,5035.792539,1054.407499,1919.304161
2016,"I3","HS3",9627.736,2694.363257,1097.197394,2893.494662
2016,"I4","HS4",11780.103,133.34939,7119.84581,2640.48649
2016,"I5","HS5",18313.926,382.905056,8748.812913,3193.948898
2016,"I6","HS6",43874.806,16788.379943,8676.893895,4922.87237
2016,"I7","HS7",8345.864,8507.728149,368.31363,247.95943
2016,"I8","HS8",2447.717,1416.036351,65.356121,415.810112
2016,"I9","HS9",94.874,56.315,9.267,20.121
2016,"ID","Indonesia",24527.25,0,4956.027002,14662.016025
2016,"JP","Japan",3299.68,629.502013,1491.768029,1415.543017
2016,"JT","Johnston",30.793,0,0,11.149256
2016,"LN","Line Islands",11213.55,4180.823888,4437.974474,1853.257938
2016,"MA","Mathew Hunter",1.128,0.838009,0.034314,0.114845
2016,"MH","Marshall Islands",7865.88,98.977491,2227.302319,1664.52081
2016,"NC","New Caledonia",2592.547,1744.906046,74,481.929512
2016,"NF","Forfolk Island",19.475,1.608788,0.930331,0.633857
2016,"NR","Nauru",15.083,0.051982,7.635014,9.078022
2016,"NU","Niue",118.576,87.764946,4.25417,12.835845
2016,"NZ","New Zealand",2763.239,233,177,55
2016,"PF","French Polynesia",9751.148,3275.52866,562.625954,967.740266
2016,"PG","PNG",4910.314,1186.695373,777.564315,4208.572947
2016,"PH","Philippines",791.167,0,257.467,689.615
2016,"PW","Palau",5196.306,11.288981,1413.06987,1407.728591
2016,"PX","Phoenix Islands",1897.547,262.639539,1005.013896,829.270127
2016,"PY","Palmyra",42.149,0,24.699699,4.043269
2016,"SB","Solomon Islands",12836.173,3769.430609,1635.085493,5652.353451
2016,"TK","Tokelau",4402.091,2446.825909,460.790623,860.523305
2016,"TO","Tonga",2100.883,1104.956353,141.578,846.997948
2016,"TV","Tuvalu",4965.659,1501.140433,1287.202366,3125.603166
2016,"TW","Taiwan",2391.667,505.5,643.5,1721
2016,"VN","Vietnam",21922.5,0,1115,16423
2016,"VU","Vanuatu",9966.467,7527.93462,413.691597,2021.652701
2016,"WS","Samoa",1847,822.848726,39.781067,210.664805
2017,"AS","American Samoa",3321.323,1511.319872,1384.741332,870.746757
2017,"AU","Australia",5722.571,830.31681,416.351191,1658.991188
2017,"CK","Cook Islands",5364.78,3310.396973,282.499605,836.143843
2017,"CN","China",12.064,2.825935,0.577015,1.904997
2017,"FJ","Fiji",11745.457,6631.73733,615.739424,3377.654582
2017,"FM","FSM",5468.836,127.545651,2760.849864,1358.317862
2017,"GL","Gilbert Islands",1777.416,50.746153,609.484004,512.521701
2017,"H4","HS pocket H4",2337.181,231.86525,853.492952,913.384166
2017,"H5","HS pocket H5",6455.221,1004.02111,1666.116503,2146.071787
2017,"HW","Hawaii",6989.34,5.929242,1980.618957,760.474838
2017,"I1","HS1",10810.329,155.02256,974.135918,3049.346064
2017,"I2","HS2",9390.69,1644.345862,1896.77748,4710.523288
2017,"I3","HS3",29861.322,3575.658765,1757.94851,3982.4985
2017,"I4","HS4",29790.32,280.703477,8888.253894,5135.611908
2017,"I5","HS5",31132.164,2115.404738,9641.481092,4764.910162
2017,"I6","HS6",53725.127,18803.079006,7400.136929,5913.090021
2017,"I7","HS7",11706.85,27392.559152,465.997609,465.599157
2017,"I8","HS8",2973.956,1981.388864,68.240813,535.762823
2017,"I9","HS9",2037.336,1429.359831,74.961718,453.020604
2017,"ID","Indonesia",4466,0.060025,1446.515007,2127.260991
2017,"IW","Misc International Waters",86.851,0,0.071128,0.223639
2017,"JP","Japan",3800.972,770.390985,3004.183986,1395.855003
2017,"JT","Johnston",60.56,3.556366,18.105216,14.501515
2017,"LN","Line Islands",1531.69,364.422649,537.945073,217.943639
2017,"MA","Mathew Hunter",10.884,2.092112,0.216552,2.996419
2017,"MH","Marshall Islands",12289.314,141.834295,2830.012481,2213.215996
2017,"NC","New Caledonia",2551.295,1719.024292,47.8086,555.43036
2017,"NR","Nauru",16.164,0,3.795,0.892
2017,"NU","Niue",15.695,14.167748,0.320367,2.928128
2017,"NZ","New Zealand",2551.838,180.934683,97,10
2017,"PF","French Polynesia",9188.002,2148,896,1434
2017,"PG","PNG",4919.389,1613.29621,559.784707,4191.149673
2017,"PH","Philippines",1939.532,3.010865,261.148145,799.781274
2017,"PW","Palau",7081.525,31.291941,2515.746571,1923.591553
2017,"PX","Phoenix Islands",234.736,10.979789,190.404149,44.72074
2017,"SB","Solomon Islands",10918.666,5579.080894,1887.915322,6095.011196
2017,"TK","Tokelau",2759.788,1661.967797,170.275477,469.65951
2017,"TO","Tonga",1990.301,610.508748,97.48016,867.641844
2017,"TV","Tuvalu",3575.729,1426.047253,523.259791,2149.202169
2017,"TW","Taiwan",3653.32,1154.378922,648.928123,1748.625566
2017,"VN","Vietnam",20851.25,0,1004,15677
2017,"VU","Vanuatu",10341.48,7994.421184,363.703577,2817.519765
2017,"WS","Samoa",2818.728,1637.889096,71.275337,481.378421
2018,"AS","American Samoa",3123.923,1552.387761,846.647501,468.509724
2018,"AU","Australia",4670.93,751.110978,323.155222,1309.701442
2018,"CK","Cook Islands",4960.503,4714.752878,237.240491,780.41067
2018,"CN","China",6.537,0.130966,0.204972,2.110984
2018,"FJ","Fiji",12048.9,6187.454425,480.701059,1901.578638
2018,"FM","FSM",12044.736,469.140379,4300.579167,2721.089993
2018,"GL","Gilbert Islands",1688.232,59.88,305.522,163.035
2018,"H4","HS pocket H4",2318.278,256.872153,1157.892874,682.92555
2018,"H5","HS pocket H5",9209.569,1092.657791,4066.407772,2864.274874
2018,"HW","Hawaii",7192.317,20.545283,2227.444891,668.332162
2018,"I1","HS1",8088.028,70.629327,799.970547,2085.936101
2018,"I2","HS2",8961.374,763.07486,1745.093024,2794.373159
2018,"I3","HS3",27374.462,3835.396286,1659.059824,3338.475384
2018,"I4","HS4",28471.516,307.799382,9997.250257,4978.669608
2018,"I5","HS5",32656.387,1399.267094,11507.807806,5617.632602
2018,"I6","HS6",55316.434,14389.283359,8381.391578,6249.687811
2018,"I7","HS7",15517.697,21251.995935,565.331723,390.602047
2018,"I8","HS8",2839.8,1689.225598,103.032472,411.377894
2018,"I9","HS9",1433.811,947.015355,44.518482,319.007441
2018,"ID","Indonesia",29069.75,0.019985,6178.300012,17078.520027
2018,"IW","Misc International Waters",38.13,0,0.080072,0
2018,"JP","Japan",4220.382,951.880961,2448.081036,1556.155012
2018,"JT","Johnston",103.928,1.28016,0,21.874261
2018,"LN","Line Islands",25.412,1.458,9.468534,3.505689
2018,"MA","Mathew Hunter",1.001,0.528646,0,0
2018,"MH","Marshall Islands",8005.231,116.500426,2591.037144,1470.912949
2018,"NC","New Caledonia",2578.648,1742.157684,45.810064,466.861889
2018,"NR","Nauru",1.001,0.015,0.188,0.618
2018,"NU","Niue",376.042,363.639117,10.856929,26.994398
2018,"NZ","New Zealand",3174.426,239,135,20
2018,"PF","French Polynesia",9725.352,3057.838232,1062.837478,1313.935443
2018,"PG","PNG",7028.648,1569.934367,817.184615,5760.839144
2018,"PH","Philippines",1538.166,8.427066,223.671148,795.86529
2018,"PW","Palau",8174.561,53.037427,1973.60443,2647.185731
2018,"PX","Phoenix Islands",216.984,10.96,154.476,113.891
2018,"SB","Solomon Islands",19647.789,7027.31569,2147.973907,7617.484956
2018,"TK","Tokelau",1047.414,631.926514,55.577077,166.259011
2018,"TO","Tonga",1555.265,654.613346,79.353039,407.342049
2018,"TV","Tuvalu",2982.578,943.778832,1099.793606,1165.429995
2018,"TW","Taiwan",3318.347,1309.481931,548.727136,1796.863552
2018,"VN","Vietnam",21752.5,0,902,16500
2018,"VU","Vanuatu",8626.492,5614.894553,209.327102,1075.306392
2018,"WS","Samoa",2479,1364.36449,38.169021,333.636227
2019,"AS","American Samoa",4029.018,1062,1545,409
2019,"AU","Australia",4936.918,796.317034,257.388672,1949.323818
2019,"CK","Cook Islands",6915.628,5302.339779,580.276732,1195.81903
2019,"CN","China",0.99,0,0,0
2019,"FJ","Fiji",13137.237,5857.60156,508.986827,2243.433671
2019,"FM","FSM",7540.723,66.899078,2806.899968,2801.518917
2019,"GL","Gilbert Islands",2573.75,58.063347,800.579088,615.996602
2019,"H4","HS pocket H4",2580.25,531.838324,1542.109268,1774.299429
2019,"H5","HS pocket H5",7483.34,2833.713869,2997.404725,3670.543452
2019,"HW","Hawaii",9518.682,19.011197,2819.017263,580.063574
2019,"I1","HS1",6688.305,117.767903,669.796054,2323.16215
2019,"I2","HS2",6879.807,621.80493,1630.129315,5829.767122
2019,"I3","HS3",27287.046,4256.263778,1836.861552,4684.322146
2019,"I4","HS4",30960.785,499.701971,10897.83702,7876.414514
2019,"I5","HS5",35840.6,1517.624644,11792.299379,8151.567021
2019,"I6","HS6",56672.102,15477.518119,7990.852345,7832.055178
2019,"I7","HS7",10564.5,23348.540509,176.180382,349.254758
2019,"I8","HS8",1391.436,982.155617,27.412001,227.980657
2019,"I9","HS9",1701.878,1506.711999,40.294662,423.417551
2019,"ID","Indonesia",18661.25,0,4976,9953
2019,"IW","Misc International Waters",20.576,0,0,0.322357
2019,"JP","Japan",3785.357,762.107973,2257.362998,1895.990026
2019,"JT","Johnston",248.939,4.1217,62.967952,31.881024
2019,"LN","Line Islands",1811.704,1045.26674,867.048441,507.551155
2019,"MA","Mathew Hunter",5.54,1.600133,0.024963,0.861114
2019,"MH","Marshall Islands",9896.179,168.18972,3513.565416,3131.835055
2019,"NC","New Caledonia",2783.184,2009.399867,39.975037,677.138886
2019,"NR","Nauru",59.248,3.126979,30.702005,40.723993
2019,"NU","Niue",531.908,385.635543,10.462697,63.393746
2019,"NZ","New Zealand",11332.789,845,50,5
2019,"PF","French Polynesia",10154.126,3438.675634,954,1364
2019,"PG","PNG",5003.183,791.539228,631.220859,4614.932153
2019,"PH","Philippines",1456.888,11.205884,256.262658,848.159784
2019,"PW","Palau",6704.265,53.043604,1632.879897,2255.907359
2019,"PX","Phoenix Islands",252.076,36.991,197.314,244.625
2019,"SB","Solomon Islands",14932.501,4505.492942,1605.127076,6455.590922
2019,"TK","Tokelau",2342.934,1970.328471,166.409647,439.533902
2019,"TO","Tonga",2624.464,1213.356476,91.268996,817.405863
2019,"TV","Tuvalu",4465.379,1447.794653,1691.017023,2700.169717
2019,"TW","Taiwan",3814.096,1852.689339,631.942328,1971.7618
2019,"VN","Vietnam",20258.75,0,1554,14653
2019,"VU","Vanuatu",5036.527,3196.972019,155.512501,789.172513
2019,"WS","Samoa",2451.431,1442.415639,56.096327,298.106598
2020,"AS","American Samoa",3362.248,512.995682,1512.580465,374.010925
2020,"AU","Australia",4665.335,1157.584665,288.1438,1741.498556
2020,"CK","Cook Islands",5308.84,2440.653042,281.831807,1105.173316
2020,"FJ","Fiji",9921.226,4065.562758,420.765867,3203.60189
2020,"FM","FSM",5607.678,74.57967,1493.282481,1163.029787
2020,"GL","Gilbert Islands",1817.63,6.564084,344.809938,407.77193
2020,"H4","HS pocket H4",3450.56,174.113272,1563.245648,2993.682155
2020,"H5","HS pocket H5",6038.733,1033.548483,1686.761768,2785.158775
2020,"HW","Hawaii",9026.646,6.325978,2684.681336,494.291601
2020,"I1","HS1",2464.077,38.961124,201.664196,621.906373
2020,"I2","HS2",5007.059,225.730928,1275.860198,3742.245952
2020,"I3","HS3",15466.869,1427.807403,776.832422,1757.953819
2020,"I4","HS4",26110.947,354.923065,10540.824354,5214.584237
2020,"I5","HS5",33527.292,2542.837012,11656.093812,5165.144479
2020,"I6","HS6",25820.954,7794.962726,3360.050007,2644.464785
2020,"I7","HS7",17289.44,21796.145547,464.52869,1154.357236
2020,"I8","HS8",2267.416,971.518821,43.841661,328.836341
2020,"I9","HS9",2686.507,1437.666453,63.529596,415.170975
2020,"ID","Indonesia",1798.75,0,638,801
2020,"IW","Misc International Waters",9,0,0.058158,0
2020,"JT","Johnston",115.319,1.101256,45.10913,8.433429
2020,"LN","Line Islands",6136.414,2823.72443,1910.138285,1577.419378
2020,"MA","Mathew Hunter",6.368,1.721358,0,0.28951
2020,"MH","Marshall Islands",8633.276,38.455556,2374.60113,1847.279541
2020,"NC","New Caledonia",2945.403,1895.689211,51,511.71049
2020,"NU","Niue",346.168,164.844392,7.155396,47.507584
2020,"NZ","New Zealand",2273.798,171,67,10
2020,"PF","French Polynesia",10162.773,2812,874,1135
2020,"PG","PNG",2280.577,753.608993,182.631764,1110.008743
2020,"PH","Philippines",1867.669,15.774429,249.920004,628.235603
2020,"PW","Palau",1165.813,0.68481,458.666337,68.505632
2020,"PX","Phoenix Islands",234.61,6.865648,120.600218,169.231458
2020,"SB","Solomon Islands",12915.013,3825.006297,937.163649,4722.646104
2020,"TK","Tokelau",2410.394,1066.381045,149.115601,460.02506
2020,"TO","Tonga",2309.521,828.588542,68.410603,882.281488
2020,"TV","Tuvalu",2584.639,665.182639,285.962101,1313.966609
2020,"TW","Taiwan",2635.934,1113.405163,610.880331,1246.817062
2020,"VN","Vietnam",21083.75,71,2678,14118
2020,"VU","Vanuatu",10992.774,5193.386478,381.124416,2023.243853
2020,"WS","Samoa",1852.434,700.09976,50.134388,332.515644
